patient_id	impact_dmp_patient_id	wgs_signature	impact_signature	consensus_signature	consensus_signature_short	ATM_impact	BAP1_impact	BLM_impact	BRCA1_impact	BRCA2_impact	BRIP1_impact	CCNE1_impact	CDK12_impact	ERBB2_impact	KRAS_impact	MUTYH_impact	MYC_impact	NF1_impact	PALB2_impact	PIK3CA_impact	POLD1_impact	PTEN_impact	RAD21_impact	RAD50_impact	RB1_impact	TP53_impact	cbioportal_url
SPECTRUM-OV-002	P-0039615	FBI	Undetermined	FBI	FBI	NA	NA	NA	NA	NA	NA	NA	NA	NA	NA	Germline p.Glu466del	NA	NA	NA	NA	NA	NA	NA	NA	NA	Somatic p.Arg248Gln	https://cbioportal.mskcc.org/patient?studyId=msk_spectrum&caseId=P-0039615#navCaseIds=msk_spectrum:P-0039615
SPECTRUM-OV-003	P-0039726	HRD-Dup	HRD-Other	HRD-Dup	HRD	NA	NA	NA	NA	NA	NA	NA	NA	NA	NA	NA	NA	NA	NA	NA	NA	NA	NA	Somatic p.Asp513His	NA	Somatic p.Asn239Lys	https://cbioportal.mskcc.org/patient?studyId=msk_spectrum&caseId=P-0039726#navCaseIds=msk_spectrum:P-0039726
SPECTRUM-OV-004	P-0039734	NA	FBI	FBI	FBI	NA	NA	NA	NA	NA	NA	High-level amplification	NA	NA	NA	NA	NA	NA	NA	NA	NA	NA	NA	NA	NA	Somatic p.Ser215Arg	https://cbioportal.mskcc.org/patient?studyId=msk_spectrum&caseId=P-0039734#navCaseIds=msk_spectrum:P-0039734
SPECTRUM-OV-006	P-0040154	NA	Undetermined	Undetermined	Undetermined	NA	NA	NA	NA	NA	NA	NA	NA	NA	NA	NA	NA	NA	NA	NA	NA	NA	NA	NA	NA	NA	https://cbioportal.mskcc.org/patient?studyId=msk_spectrum&caseId=P-0040154#navCaseIds=msk_spectrum:P-0040154
SPECTRUM-OV-007	P-0040980	HRD-Dup	Undetermined	HRD-Dup	HRD	NA	NA	NA	NA	NA	NA	NA	NA	NA	NA	NA	NA	NA	NA	NA	NA	NA	NA	NA	Deep deletion	Somatic p.Leu257Pro	https://cbioportal.mskcc.org/patient?studyId=msk_spectrum&caseId=P-0040980#navCaseIds=msk_spectrum:P-0040980
SPECTRUM-OV-008	P-0041572	HRD-Dup	Undetermined	HRD-Dup	HRD	NA	NA	NA	NA	NA	NA	NA	NA	NA	NA	NA	High-level amplification	NA	NA	NA	NA	NA	NA	NA	NA	Somatic p.Arg175His	https://cbioportal.mskcc.org/patient?studyId=msk_spectrum&caseId=P-0041572#navCaseIds=msk_spectrum:P-0041572
SPECTRUM-OV-009	P-0042164	HRD-Dup	Undetermined	HRD-Dup	HRD	NA	NA	NA	NA	NA	NA	NA	NA	NA	NA	NA	NA	NA	NA	NA	NA	NA	NA	NA	NA	Somatic p.Met160TrpfsTer10	https://cbioportal.mskcc.org/patient?studyId=msk_spectrum&caseId=P-0042164#navCaseIds=msk_spectrum:P-0042164
SPECTRUM-OV-011	P-0042351	NA	Undetermined	Undetermined	Undetermined	NA	NA	NA	NA	NA	NA	NA	NA	NA	NA	NA	NA	NA	NA	NA	NA	NA	NA	NA	NA	Somatic p.Ser241Phe	https://cbioportal.mskcc.org/patient?studyId=msk_spectrum&caseId=P-0042351#navCaseIds=msk_spectrum:P-0042351
SPECTRUM-OV-014	P-0042548	NA	Undetermined	Undetermined	Undetermined	NA	NA	NA	NA	NA	NA	NA	NA	NA	NA	NA	NA	NA	NA	NA	NA	NA	NA	NA	NA	Somatic p.Ala159_Ala161delinsHisPro	https://cbioportal.mskcc.org/patient?studyId=msk_spectrum&caseId=P-0042548#navCaseIds=msk_spectrum:P-0042548
SPECTRUM-OV-015	P-0042757	NA	Undetermined	Undetermined	Undetermined	NA	NA	NA	NA	NA	NA	NA	NA	NA	NA	NA	High-level amplification	NA	NA	NA	NA	NA	NA	NA	NA	Somatic p.His179Arg	https://cbioportal.mskcc.org/patient?studyId=msk_spectrum&caseId=P-0042757#navCaseIds=msk_spectrum:P-0042757
SPECTRUM-OV-016	P-0042815	NA	HRD-Dup	HRD-Dup	HRD	NA	NA	NA	Somatic p.Asn1519IlefsTer29	NA	NA	NA	NA	NA	NA	NA	NA	NA	NA	NA	NA	NA	NA	NA	NA	NA	https://cbioportal.mskcc.org/patient?studyId=msk_spectrum&caseId=P-0042815#navCaseIds=msk_spectrum:P-0042815
SPECTRUM-OV-018	P-0046443	NA	FBI	FBI	FBI	NA	NA	NA	NA	NA	NA	High-level amplification	NA	NA	NA	NA	NA	NA	NA	NA	NA	NA	NA	NA	NA	NA	https://cbioportal.mskcc.org/patient?studyId=msk_spectrum&caseId=P-0046443#navCaseIds=msk_spectrum:P-0046443
SPECTRUM-OV-020	P-0043617	NA	Undetermined	Undetermined	Undetermined	NA	NA	NA	NA	NA	NA	NA	NA	NA	NA	NA	High-level amplification	NA	NA	NA	NA	NA	High-level amplification	NA	NA	Somatic p.Arg248Gln	https://cbioportal.mskcc.org/patient?studyId=msk_spectrum&caseId=P-0043617#navCaseIds=msk_spectrum:P-0043617
SPECTRUM-OV-022	P-0043571	HRD-Dup	Undetermined	HRD-Dup	HRD	NA	NA	NA	NA	NA	NA	NA	NA	NA	NA	NA	High-level amplification	NA	NA	NA	NA	NA	High-level amplification	NA	NA	NA	https://cbioportal.mskcc.org/patient?studyId=msk_spectrum&caseId=P-0043571#navCaseIds=msk_spectrum:P-0043571
SPECTRUM-OV-023	P-0044011	NA	HRD-Other	HRD-Other	HRD	NA	NA	NA	NA	NA	NA	NA	NA	NA	NA	NA	NA	NA	NA	NA	NA	NA	NA	Somatic p.Asn1224GlyfsTer2	Somatic p.Arg46GlyfsTer19	Somatic p.Asn239Ser	https://cbioportal.mskcc.org/patient?studyId=msk_spectrum&caseId=P-0044011#navCaseIds=msk_spectrum:P-0044011
SPECTRUM-OV-024	P-0044784	NA	HRD-Other	HRD-Other	HRD	Somatic p.Trp2483Cys	NA	NA	NA	NA	NA	NA	NA	NA	NA	NA	NA	NA	Somatic p.Pro316Leu	NA	NA	NA	NA	NA	Somatic p.Glu237Gln	Somatic p.Arg175His	https://cbioportal.mskcc.org/patient?studyId=msk_spectrum&caseId=P-0044784#navCaseIds=msk_spectrum:P-0044784
SPECTRUM-OV-025	P-0044084	HRD-Del	Undetermined	HRD-Del	HRD	NA	NA	NA	NA	NA	NA	NA	NA	NA	NA	NA	NA	NA	NA	NA	NA	NA	NA	NA	Somatic p.Val378IlefsTer10	Somatic p.Thr81AsnfsTer68	https://cbioportal.mskcc.org/patient?studyId=msk_spectrum&caseId=P-0044084#navCaseIds=msk_spectrum:P-0044084
SPECTRUM-OV-026	P-0043587	HRD-Dup	Undetermined	HRD-Dup	HRD	NA	NA	NA	NA	NA	NA	NA	NA	NA	NA	NA	NA	NA	NA	NA	NA	NA	NA	NA	NA	NA	https://cbioportal.mskcc.org/patient?studyId=msk_spectrum&caseId=P-0043587#navCaseIds=msk_spectrum:P-0043587
SPECTRUM-OV-028	P-0045578	NA	HRD-Other	HRD-Other	HRD	NA	NA	NA	NA	NA	NA	NA	NA	NA	NA	NA	NA	NA	Germline p.Cys419Phe	NA	NA	NA	High-level amplification	NA	NA	Somatic p.Val157_Val172delinsLeu	https://cbioportal.mskcc.org/patient?studyId=msk_spectrum&caseId=P-0045578#navCaseIds=msk_spectrum:P-0045578
SPECTRUM-OV-029	P-0045312	NA	HRD-Dup	HRD-Dup	HRD	NA	NA	NA	Germline p.Glu23ValfsTer17	NA	NA	NA	NA	NA	NA	NA	High-level amplification	Deep deletion	NA	NA	NA	NA	High-level amplification	NA	NA	NA	https://cbioportal.mskcc.org/patient?studyId=msk_spectrum&caseId=P-0045312#navCaseIds=msk_spectrum:P-0045312
SPECTRUM-OV-030	P-0044919	NA	Undetermined	Undetermined	Undetermined	NA	Deep deletion	NA	NA	NA	NA	NA	NA	NA	NA	NA	NA	NA	NA	NA	NA	NA	NA	NA	NA	Somatic p.Gly245Ser	https://cbioportal.mskcc.org/patient?studyId=msk_spectrum&caseId=P-0044919#navCaseIds=msk_spectrum:P-0044919
SPECTRUM-OV-031	P-0045494	HRD-Dup	HRD-Dup	HRD-Dup	HRD	NA	NA	NA	Germline p.Asp1818Gly	NA	NA	NA	NA	NA	NA	NA	NA	NA	NA	NA	NA	NA	NA	NA	NA	Somatic p.Cys176Trp	https://cbioportal.mskcc.org/patient?studyId=msk_spectrum&caseId=P-0045494#navCaseIds=msk_spectrum:P-0045494
SPECTRUM-OV-032	P-0045771	NA	Undetermined	Undetermined	Undetermined	NA	NA	NA	NA	NA	NA	NA	NA	NA	NA	NA	NA	Deep deletion	NA	High-level amplification	NA	NA	NA	NA	NA	Somatic p.Pro219_Tyr220delinsAlaCys	https://cbioportal.mskcc.org/patient?studyId=msk_spectrum&caseId=P-0045771#navCaseIds=msk_spectrum:P-0045771
SPECTRUM-OV-033	P-0045890	NA	HRD-Dup	HRD-Dup	HRD	NA	NA	NA	Somatic p.Leu22ValfsTer7	NA	NA	NA	NA	NA	NA	NA	NA	NA	NA	NA	NA	NA	NA	NA	NA	Somatic p.Cys242Ser	https://cbioportal.mskcc.org/patient?studyId=msk_spectrum&caseId=P-0045890#navCaseIds=msk_spectrum:P-0045890
SPECTRUM-OV-034	P-0045643	NA	HRD-Dup	HRD-Dup	HRD	NA	NA	NA	Somatic p.Ser140Cys	NA	NA	NA	NA	NA	NA	NA	NA	NA	NA	NA	NA	NA	NA	NA	NA	NA	https://cbioportal.mskcc.org/patient?studyId=msk_spectrum&caseId=P-0045643#navCaseIds=msk_spectrum:P-0045643
SPECTRUM-OV-036	P-0045589	HRD-Del	HRD-Del	HRD-Del	HRD	NA	NA	NA	NA	Germline p.Ser1982ArgfsTer22	NA	NA	NA	NA	NA	NA	NA	NA	NA	NA	NA	Deep deletion	NA	NA	NA	NA	https://cbioportal.mskcc.org/patient?studyId=msk_spectrum&caseId=P-0045589#navCaseIds=msk_spectrum:P-0045589
SPECTRUM-OV-037	P-0046401	FBI	Undetermined	FBI	FBI	NA	NA	NA	NA	NA	NA	NA	NA	NA	NA	NA	High-level amplification	NA	NA	NA	NA	NA	NA	NA	NA	Somatic p.Val272Leu	https://cbioportal.mskcc.org/patient?studyId=msk_spectrum&caseId=P-0046401#navCaseIds=msk_spectrum:P-0046401
SPECTRUM-OV-038	P-0046940	NA	HRD-Other	HRD-Other	HRD	Somatic p.Thr710Lys	NA	NA	NA	NA	NA	NA	NA	NA	NA	NA	NA	NA	NA	NA	NA	NA	NA	NA	NA	Somatic p.Arg175His	https://cbioportal.mskcc.org/patient?studyId=msk_spectrum&caseId=P-0046940#navCaseIds=msk_spectrum:P-0046940
SPECTRUM-OV-041	P-0047883	FBI	FBI	FBI	FBI	NA	NA	NA	NA	NA	NA	High-level amplification	NA	NA	High-level amplification	NA	NA	NA	NA	NA	NA	NA	NA	NA	NA	Somatic p.Met237Ile	https://cbioportal.mskcc.org/patient?studyId=msk_spectrum&caseId=P-0047883#navCaseIds=msk_spectrum:P-0047883
SPECTRUM-OV-042	P-0046857	NA	Undetermined	Undetermined	Undetermined	NA	NA	NA	NA	NA	NA	NA	NA	NA	NA	NA	NA	NA	NA	Somatic p.Glu545Lys	Somatic p.Glu673Lys	NA	NA	NA	NA	Somatic p.Arg248Gln	https://cbioportal.mskcc.org/patient?studyId=msk_spectrum&caseId=P-0046857#navCaseIds=msk_spectrum:P-0046857
SPECTRUM-OV-044	P-0047453	HRD-Dup	HRD-Dup	HRD-Dup	HRD	NA	NA	Deep deletion	Deep deletion	NA	NA	NA	NA	High-level amplification	NA	NA	NA	NA	NA	NA	NA	NA	NA	NA	NA	Somatic p.Gln167HisfsTer3	https://cbioportal.mskcc.org/patient?studyId=msk_spectrum&caseId=P-0047453#navCaseIds=msk_spectrum:P-0047453
SPECTRUM-OV-045	P-0047947	HRD-Del	Undetermined	HRD-Del	HRD	NA	NA	NA	NA	NA	NA	NA	NA	NA	NA	NA	NA	NA	NA	NA	NA	NA	NA	NA	NA	Somatic p.Cys135del	https://cbioportal.mskcc.org/patient?studyId=msk_spectrum&caseId=P-0047947#navCaseIds=msk_spectrum:P-0047947
SPECTRUM-OV-046	P-0049265	NA	Undetermined	Undetermined	Undetermined	NA	NA	NA	NA	NA	NA	NA	NA	NA	NA	NA	High-level amplification	NA	NA	High-level amplification, Somatic p.Glu545Lys	NA	NA	NA	NA	NA	Somatic p.Glu258Asp	https://cbioportal.mskcc.org/patient?studyId=msk_spectrum&caseId=P-0049265#navCaseIds=msk_spectrum:P-0049265
SPECTRUM-OV-047	P-0048452	NA	HRD-Dup	HRD-Dup	HRD	NA	NA	NA	Somatic p.Val1646SerfsTer12	NA	NA	NA	NA	NA	NA	NA	NA	NA	NA	NA	NA	NA	NA	NA	NA	Somatic p.Arg175Gly	https://cbioportal.mskcc.org/patient?studyId=msk_spectrum&caseId=P-0048452#navCaseIds=msk_spectrum:P-0048452
SPECTRUM-OV-048	P-0048755	NA	FBI	FBI	FBI	NA	NA	NA	NA	NA	NA	High-level amplification	NA	NA	NA	NA	NA	Deep deletion	NA	Somatic p.Gln546Glu	NA	NA	NA	NA	NA	Somatic p.Pro278Arg	https://cbioportal.mskcc.org/patient?studyId=msk_spectrum&caseId=P-0048755#navCaseIds=msk_spectrum:P-0048755
SPECTRUM-OV-049	P-0048524	HRD-Dup	Undetermined	HRD-Dup	HRD	NA	NA	NA	NA	NA	NA	NA	NA	NA	NA	NA	High-level amplification	NA	NA	NA	NA	NA	NA	NA	NA	Somatic p.Ser127Phe	https://cbioportal.mskcc.org/patient?studyId=msk_spectrum&caseId=P-0048524#navCaseIds=msk_spectrum:P-0048524
SPECTRUM-OV-050	P-0051015	HRD-Dup	Undetermined	HRD-Dup	HRD	NA	NA	NA	NA	NA	NA	NA	NA	NA	NA	NA	NA	NA	NA	NA	NA	NA	NA	NA	NA	Somatic p.Pro278Ser	https://cbioportal.mskcc.org/patient?studyId=msk_spectrum&caseId=P-0051015#navCaseIds=msk_spectrum:P-0051015
SPECTRUM-OV-051	P-0048525	HRD-Del	HRD-Other	HRD-Del	HRD	Somatic p.Gln2641Glu	NA	NA	NA	NA	NA	High-level amplification, Somatic p.Ala386Val	NA	High-level amplification	NA	NA	NA	NA	NA	NA	Deep deletion	NA	NA	NA	NA	Somatic p.Pro190LeufsTer57	https://cbioportal.mskcc.org/patient?studyId=msk_spectrum&caseId=P-0048525#navCaseIds=msk_spectrum:P-0048525
SPECTRUM-OV-052	P-0048670	NA	HRD-Other	HRD-Other	HRD	NA	NA	NA	NA	NA	Somatic p.Pro596Arg	NA	NA	NA	NA	NA	NA	NA	NA	NA	NA	NA	NA	NA	NA	Somatic p.Ala159Val	https://cbioportal.mskcc.org/patient?studyId=msk_spectrum&caseId=P-0048670#navCaseIds=msk_spectrum:P-0048670
SPECTRUM-OV-053	P-0048695	HRD-Del	Undetermined	HRD-Del	HRD	NA	NA	NA	NA	NA	NA	NA	NA	NA	NA	NA	NA	NA	NA	NA	NA	NA	NA	NA	NA	Somatic p.Cys176Phe	https://cbioportal.mskcc.org/patient?studyId=msk_spectrum&caseId=P-0048695#navCaseIds=msk_spectrum:P-0048695
SPECTRUM-OV-054	P-0048554	FBI	FBI	FBI	FBI	NA	NA	NA	NA	NA	NA	High-level amplification	NA	NA	NA	NA	NA	NA	NA	NA	NA	NA	NA	NA	NA	Somatic p.Cys141Tyr	https://cbioportal.mskcc.org/patient?studyId=msk_spectrum&caseId=P-0048554#navCaseIds=msk_spectrum:P-0048554
SPECTRUM-OV-056	P-0048923	NA	Undetermined	Undetermined	Undetermined	NA	NA	NA	NA	NA	NA	NA	NA	NA	NA	NA	NA	NA	NA	NA	NA	Deep deletion	NA	NA	NA	Somatic p.Ser240_Cys242del	https://cbioportal.mskcc.org/patient?studyId=msk_spectrum&caseId=P-0048923#navCaseIds=msk_spectrum:P-0048923
SPECTRUM-OV-057	P-0049483	NA	FBI	FBI	FBI	NA	NA	NA	NA	NA	NA	High-level amplification	NA	NA	NA	NA	NA	NA	NA	NA	NA	NA	NA	NA	NA	Somatic p.Gln167ThrfsTer14	https://cbioportal.mskcc.org/patient?studyId=msk_spectrum&caseId=P-0049483#navCaseIds=msk_spectrum:P-0049483
SPECTRUM-OV-059	P-0049560	NA	Undetermined	Undetermined	Undetermined	NA	NA	NA	NA	NA	NA	NA	NA	NA	NA	NA	NA	NA	NA	NA	NA	NA	NA	NA	NA	Somatic p.His193Leu	https://cbioportal.mskcc.org/patient?studyId=msk_spectrum&caseId=P-0049560#navCaseIds=msk_spectrum:P-0049560
SPECTRUM-OV-062	P-0051447	NA	Undetermined	Undetermined	Undetermined	NA	NA	NA	NA	NA	NA	NA	NA	High-level amplification	NA	NA	NA	Deep deletion	NA	NA	NA	NA	NA	NA	NA	Somatic p.Val173del	https://cbioportal.mskcc.org/patient?studyId=msk_spectrum&caseId=P-0051447#navCaseIds=msk_spectrum:P-0051447
SPECTRUM-OV-063	P-0051066	NA	Undetermined	Undetermined	Undetermined	NA	NA	NA	NA	NA	NA	NA	NA	NA	NA	NA	NA	NA	NA	NA	NA	NA	NA	NA	NA	Somatic p.Arg337Cys	https://cbioportal.mskcc.org/patient?studyId=msk_spectrum&caseId=P-0051066#navCaseIds=msk_spectrum:P-0051066
SPECTRUM-OV-064	P-0050669	NA	HRD-Dup	HRD-Dup	HRD	NA	NA	NA	Somatic p.Asp1441GlufsTer21	NA	NA	High-level amplification	NA	NA	NA	NA	NA	NA	NA	High-level amplification	NA	NA	NA	NA	NA	NA	https://cbioportal.mskcc.org/patient?studyId=msk_spectrum&caseId=P-0050669#navCaseIds=msk_spectrum:P-0050669
SPECTRUM-OV-065	P-0051130	NA	Undetermined	Undetermined	Undetermined	NA	NA	NA	NA	NA	NA	NA	NA	NA	High-level amplification	NA	NA	NA	NA	Somatic p.Asn284Lys	NA	NA	NA	NA	NA	Somatic p.Ser260ProfsTer85	https://cbioportal.mskcc.org/patient?studyId=msk_spectrum&caseId=P-0051130#navCaseIds=msk_spectrum:P-0051130
SPECTRUM-OV-066	P-0052089	NA	Undetermined	Undetermined	Undetermined	NA	NA	NA	NA	NA	NA	NA	NA	NA	NA	NA	NA	NA	NA	NA	NA	NA	NA	NA	NA	Somatic p.Pro151Ser	https://cbioportal.mskcc.org/patient?studyId=msk_spectrum&caseId=P-0052089#navCaseIds=msk_spectrum:P-0052089
SPECTRUM-OV-067	P-0052274	NA	Undetermined	Undetermined	Undetermined	NA	NA	NA	NA	NA	NA	NA	NA	NA	NA	NA	NA	NA	NA	NA	NA	NA	NA	NA	NA	NA	https://cbioportal.mskcc.org/patient?studyId=msk_spectrum&caseId=P-0052274#navCaseIds=msk_spectrum:P-0052274
SPECTRUM-OV-068	P-0052385	NA	TD	TD	TD	NA	NA	NA	NA	NA	NA	NA	Somatic c.478G>A	NA	NA	NA	NA	NA	NA	NA	NA	NA	NA	NA	Somatic c.1600A>T	Somatic c.659A>G	https://cbioportal.mskcc.org/patient?studyId=msk_spectrum&caseId=P-0052385#navCaseIds=msk_spectrum:P-0052385
SPECTRUM-OV-070	P-0052359	NA	Undetermined	Undetermined	Undetermined	NA	NA	NA	NA	NA	NA	NA	NA	NA	NA	NA	NA	NA	NA	NA	NA	NA	NA	NA	NA	Somatic c.818G>A	https://cbioportal.mskcc.org/patient?studyId=msk_spectrum&caseId=P-0052359#navCaseIds=msk_spectrum:P-0052359
SPECTRUM-OV-071	P-0052808	NA	Undetermined	Undetermined	Undetermined	NA	NA	NA	NA	NA	NA	NA	NA	NA	NA	NA	NA	NA	NA	NA	NA	NA	NA	NA	NA	NA	https://cbioportal.mskcc.org/patient?studyId=msk_spectrum&caseId=P-0052808#navCaseIds=msk_spectrum:P-0052808
SPECTRUM-OV-072	P-0053010	NA	HRD-Del	HRD-Del	HRD	NA	NA	NA	NA	Somatic c.6025_6028del	NA	NA	NA	NA	NA	NA	NA	NA	NA	NA	NA	NA	NA	NA	NA	NA	https://cbioportal.mskcc.org/patient?studyId=msk_spectrum&caseId=P-0053010#navCaseIds=msk_spectrum:P-0053010
SPECTRUM-OV-073	P-0053495	NA	FBI	FBI	FBI	NA	NA	NA	NA	NA	NA	High-level amplification	NA	NA	NA	NA	NA	NA	NA	NA	NA	NA	NA	NA	NA	Somatic c.820G>T	https://cbioportal.mskcc.org/patient?studyId=msk_spectrum&caseId=P-0053495#navCaseIds=msk_spectrum:P-0053495
SPECTRUM-OV-075	P-0054073	NA	Undetermined	Undetermined	Undetermined	NA	NA	NA	NA	NA	NA	NA	NA	NA	NA	NA	NA	NA	NA	NA	NA	NA	NA	NA	NA	Somatic c.430del	https://cbioportal.mskcc.org/patient?studyId=msk_spectrum&caseId=P-0054073#navCaseIds=msk_spectrum:P-0054073
SPECTRUM-OV-077	P-0054406	NA	Undetermined	Undetermined	Undetermined	NA	NA	NA	NA	NA	NA	NA	NA	NA	NA	NA	High-level amplification	NA	NA	NA	NA	NA	NA	NA	NA	Somatic p.Pro278Leu, Somatic p.Pro278Leu	https://cbioportal.mskcc.org/patient?studyId=msk_spectrum&caseId=P-0054406#navCaseIds=msk_spectrum:P-0054406
SPECTRUM-OV-078	P-0054338	NA	Undetermined	Undetermined	Undetermined	NA	NA	NA	NA	NA	NA	NA	NA	Somatic p.Arg100Trp, Somatic p.Arg432Gln, Somatic p.Arg100Trp, Somatic p.Arg432Gln	NA	NA	NA	NA	NA	Somatic p.Glu542Lys, Somatic p.Glu542Lys	NA	NA	NA	NA	NA	NA	https://cbioportal.mskcc.org/patient?studyId=msk_spectrum&caseId=P-0054338#navCaseIds=msk_spectrum:P-0054338
